{"loss": [0.0759965106844902, 0.07582423835992813, 0.07674886286258698, 0.07901522517204285], "accuracy": [0.9703725576400757, 0.9702258706092834, 0.9706658720970154, 0.9697858691215515], "auc": [0.9928997159004211, 0.9926856160163879, 0.9927103519439697, 0.9919777512550354], "val_loss": [0.14492188394069672, 0.14856766164302826, 0.140719473361969, 0.13919532299041748], "val_accuracy": [0.9478487372398376, 0.9465450048446655, 0.9543676376342773, 0.9530639052391052], "val_auc": [0.9258158802986145, 0.9222182035446167, 0.9143004417419434, 0.9155852794647217]}