{
    "loss": [
        0.5927462577819824,
        0.5903031826019287,
        0.5887057185173035,
        0.5866068601608276,
        0.585300624370575
    ],
    "accuracy": [
        0.833382248878479,
        0.833382248878479,
        0.833382248878479,
        0.833382248878479,
        0.833382248878479
    ],
    "auc": [
        1.0,
        1.0,
        0.999369204044342,
        1.0,
        1.0
    ],
    "precision": [
        0.0,
        0.0,
        0.0,
        0.0,
        0.0
    ],
    "recall": [
        0.0,
        0.0,
        0.0,
        0.0,
        0.0
    ],
    "val_loss": [
        0.3993651568889618,
        0.39814892411231995,
        0.3974933624267578,
        0.39669719338417053,
        0.395813912153244
    ],
    "val_accuracy": [
        0.9439374208450317,
        0.9439374208450317,
        0.9439374208450317,
        0.9439374208450317,
        0.9439374208450317
    ],
    "val_auc": [
        0.7172362208366394,
        0.7116311192512512,
        0.7480727434158325,
        0.7167062759399414,
        0.7277238965034485
    ],
    "val_precision": [
        0.0,
        0.0,
        0.0,
        0.0,
        0.0
    ],
    "val_recall": [
        0.0,
        0.0,
        0.0,
        0.0,
        0.0
    ],
    "lr": [
        9.999999747378752e-06,
        9.999999747378752e-06,
        9.999999747378752e-06,
        9.999999747378752e-06,
        9.999999747378752e-06
    ]
}