{
    "loss": [
        0.6364194750785828,
        0.5895204544067383,
        0.5809747576713562,
        0.5783716440200806,
        0.5757374167442322,
        0.5741353631019592,
        0.5742268562316895,
        0.5747355818748474
    ],
    "accuracy": [
        0.833382248878479,
        0.833382248878479,
        0.833382248878479,
        0.833382248878479,
        0.833382248878479,
        0.833382248878479,
        0.833382248878479,
        0.833382248878479
    ],
    "auc": [
        0.9754295349121094,
        0.9999898672103882,
        1.0,
        0.9999468326568604,
        0.999999463558197,
        0.9999999403953552,
        0.9994317293167114,
        0.9995296597480774
    ],
    "precision": [
        0.0,
        0.0,
        0.0,
        0.0,
        0.0,
        0.0,
        0.0,
        0.0
    ],
    "recall": [
        0.0,
        0.0,
        0.0,
        0.0,
        0.0,
        0.0,
        0.0,
        0.0
    ],
    "val_loss": [
        0.4020519554615021,
        0.3958478569984436,
        0.39511698484420776,
        0.39313870668411255,
        0.39267316460609436,
        0.39227449893951416,
        0.3920578956604004,
        0.3917693793773651
    ],
    "val_accuracy": [
        0.9439374208450317,
        0.9439374208450317,
        0.9439374208450317,
        0.9439374208450317,
        0.9439374208450317,
        0.9439374208450317,
        0.9439374208450317,
        0.9439374208450317
    ],
    "val_auc": [
        0.7221187353134155,
        0.7166420221328735,
        0.621579110622406,
        0.6619395613670349,
        0.7117435932159424,
        0.696646511554718,
        0.7044519782066345,
        0.6474046111106873
    ],
    "val_precision": [
        0.0,
        0.0,
        0.0,
        0.0,
        0.0,
        0.0,
        0.0,
        0.0
    ],
    "val_recall": [
        0.0,
        0.0,
        0.0,
        0.0,
        0.0,
        0.0,
        0.0,
        0.0
    ],
    "lr": [
        9.999999747378752e-05,
        9.999999747378752e-05,
        9.999999747378752e-05,
        9.999999747378752e-05,
        9.999999747378752e-05,
        9.999999747378752e-05,
        9.999999747378752e-05,
        9.999999747378752e-05
    ]
}