{
    "loss": [
        1.3726329803466797,
        1.3722683191299438,
        1.3713486194610596,
        1.370869517326355,
        1.3706400394439697,
        1.3697736263275146,
        1.3696869611740112,
        1.369031310081482,
        1.369001030921936
    ],
    "accuracy": [
        0.6666340231895447,
        0.6659489274024963,
        0.6666340231895447,
        0.6663404107093811,
        0.6667318940162659,
        0.6672213077545166,
        0.6664382815361023,
        0.6650680303573608,
        0.665753185749054
    ],
    "val_loss": [
        0.9844852089881897,
        0.982976496219635,
        0.9810410141944885,
        0.9795299768447876,
        0.9799961447715759,
        0.9789211750030518,
        0.9780893325805664,
        0.9751062393188477,
        0.9771605134010315
    ],
    "val_accuracy": [
        0.941329836845398,
        0.941329836845398,
        0.941329836845398,
        0.941329836845398,
        0.941329836845398,
        0.941329836845398,
        0.941329836845398,
        0.941329836845398,
        0.941329836845398
    ],
    "lr": [
        9.999999747378752e-06,
        9.999999747378752e-06,
        9.999999747378752e-06,
        9.999999747378752e-06,
        9.999999747378752e-06,
        9.999999747378752e-06,
        9.999999747378752e-06,
        9.999999747378752e-06,
        9.999999747378752e-06
    ]
}