{
    "loss": [
        10.092016220092773,
        9.514820098876953,
        9.253511428833008,
        9.076820373535156,
        8.992837905883789,
        8.855971336364746,
        8.82730770111084,
        8.793623924255371,
        8.73623275756836,
        8.738587379455566,
        8.736425399780273
    ],
    "accuracy": [
        0.11157874017953873,
        0.11099148541688919,
        0.11099148541688919,
        0.11108936369419098,
        0.11108936369419098,
        0.11108936369419098,
        0.11108936369419098,
        0.11108936369419098,
        0.11108936369419098,
        0.11108936369419098,
        0.11108936369419098
    ],
    "val_loss": [
        0.5137753486633301,
        0.5069808959960938,
        0.5231621861457825,
        0.550913393497467,
        0.5624924898147583,
        0.5925371050834656,
        0.6055693626403809,
        0.5668811798095703,
        0.5916319489479065,
        0.590465247631073,
        0.5853531956672668
    ],
    "val_accuracy": [
        0.005215123761445284,
        0.005215123761445284,
        0.003911342937499285,
        0.009126466698944569,
        0.009126466698944569,
        0.003911342937499285,
        0.003911342937499285,
        0.003911342937499285,
        0.003911342937499285,
        0.003911342937499285,
        0.003911342937499285
    ],
    "lr": [
        9.999999747378752e-05,
        9.999999747378752e-05,
        9.999999747378752e-05,
        9.999999747378752e-05,
        9.999999747378752e-05,
        2.9999999242136255e-05,
        2.9999999242136255e-05,
        2.9999999242136255e-05,
        8.999999408842996e-06,
        8.999999408842996e-06,
        8.999999408842996e-06
    ]
}