{"loss": [0.0781630128622055, 0.07934913784265518, 0.07826732844114304, 0.07731500267982483, 0.07776510715484619], "accuracy": [0.8450727462768555, 0.8416407704353333, 0.8471972346305847, 0.8445824384689331, 0.8467069864273071], "auc": [0.9432439804077148, 0.9414278268814087, 0.9436752200126648, 0.9447164535522461, 0.9436925053596497], "val_loss": [0.07081200927495956, 0.07345559448003769, 0.06911510974168777, 0.06292402744293213, 0.06983473151922226], "val_accuracy": [0.8617992401123047, 0.8617992401123047, 0.8617992401123047, 0.8657105565071106, 0.8644067645072937], "val_auc": [0.9200822710990906, 0.9218810200691223, 0.9196485280990601, 0.9201786518096924, 0.9215437769889832]}