{
    "loss": [
        0.5329844355583191,
        0.526773989200592,
        0.52280592918396,
        0.5195239782333374,
        0.5167233943939209,
        0.5146889090538025,
        0.5131105184555054,
        0.5124132037162781,
        0.512112021446228
    ],
    "accuracy": [
        0.833382248878479,
        0.833382248878479,
        0.833382248878479,
        0.833382248878479,
        0.833382248878479,
        0.833382248878479,
        0.833382248878479,
        0.833382248878479,
        0.833382248878479
    ],
    "auc": [
        0.997553288936615,
        0.9986629486083984,
        0.9991888403892517,
        0.9993786811828613,
        0.9996375441551208,
        0.9996705055236816,
        0.9997012615203857,
        0.999596118927002,
        0.9995859265327454
    ],
    "val_loss": [
        0.3773905038833618,
        0.3729262053966522,
        0.36994534730911255,
        0.37054702639579773,
        0.3690161406993866,
        0.3684915602207184,
        0.3685843050479889,
        0.368708997964859,
        0.3679017126560211
    ],
    "val_accuracy": [
        0.9439374208450317,
        0.9439374208450317,
        0.9439374208450317,
        0.9439374208450317,
        0.9439374208450317,
        0.9439374208450317,
        0.9439374208450317,
        0.9439374208450317,
        0.9439374208450317
    ],
    "val_auc": [
        0.9336534738540649,
        0.9341031908988953,
        0.9174161553382874,
        0.8757387399673462,
        0.90994793176651,
        0.8983361124992371,
        0.8803803324699402,
        0.873650848865509,
        0.8590678572654724
    ],
    "lr": [
        9.999999747378752e-06,
        9.999999747378752e-06,
        9.999999747378752e-06,
        9.999999747378752e-06,
        9.999999747378752e-06,
        9.999999747378752e-06,
        9.999999747378752e-06,
        9.999999747378752e-06,
        9.999999747378752e-06
    ]
}