{
    "loss": [
        0.6925062537193298,
        0.6612263321876526,
        0.5885030031204224,
        0.5270252823829651,
        0.5149503946304321,
        0.5097610950469971,
        0.5085819959640503,
        0.5073991417884827,
        0.5072728991508484,
        0.5066499710083008
    ],
    "accuracy": [
        0.8217952251434326,
        0.833382248878479,
        0.833382248878479,
        0.833382248878479,
        0.833382248878479,
        0.833382248878479,
        0.833382248878479,
        0.833382248878479,
        0.833382248878479,
        0.833382248878479
    ],
    "auc": [
        0.5318822860717773,
        0.6866549253463745,
        0.9662322402000427,
        0.99710613489151,
        0.9996035099029541,
        0.9996422529220581,
        0.9995836019515991,
        0.9995208382606506,
        0.9991951584815979,
        0.9988753199577332
    ],
    "val_loss": [
        0.6870250105857849,
        0.46894222497940063,
        0.38776692748069763,
        0.37518930435180664,
        0.3672296702861786,
        0.36704587936401367,
        0.3649615943431854,
        0.36401286721229553,
        0.37906360626220703,
        0.36431053280830383
    ],
    "val_accuracy": [
        0.9439374208450317,
        0.9439374208450317,
        0.9439374208450317,
        0.9439374208450317,
        0.9439374208450317,
        0.9439374208450317,
        0.9439374208450317,
        0.9439374208450317,
        0.9439374208450317,
        0.9439374208450317
    ],
    "val_auc": [
        0.5450822114944458,
        0.8069189786911011,
        0.9186848998069763,
        0.8751445412635803,
        0.8648497462272644,
        0.8524187803268433,
        0.8154792189598083,
        0.7847070693969727,
        0.7066683769226074,
        0.7111011147499084
    ],
    "lr": [
        9.999999747378752e-05,
        9.999999747378752e-05,
        9.999999747378752e-05,
        9.999999747378752e-05,
        9.999999747378752e-05,
        9.999999747378752e-05,
        9.999999747378752e-05,
        9.999999747378752e-05,
        9.999999747378752e-05,
        9.999999747378752e-05
    ]
}